model_std,dataset_std,gold_label_std,prediction_std,error_transition,text_for_review,confidence,prob_negative,prob_neutral,prob_positive,source_dataset
Fine-tuned FinBERT,Internal,negative,neutral,negative → neutral,"Papa John's founder sues ad agency; his wife files for divorce, saying marriage is 'broken' https://t.co/Hc10XTgidf",0.9735814,0.026150424,0.9735814,0.00026823513,TwitterFinancialNewsSentiment
Fine-tuned FinBERT,Internal,positive,neutral,positive → neutral,Volkswagen reveals exotic-sounding ID. Space Vizzion electric wagon at Los Angeles Auto Show,0.99944633,0.00037279693,0.99944633,0.00018082035,TwitterFinancialNewsSentiment
Fine-tuned FinBERT,Internal,negative,neutral,negative → neutral,$BA - 737 MAX crisis claims job of Boeing's top communications official https://t.co/FwntvthN9F,0.9985661,0.0013012724,0.9985661,0.00013262313,TwitterFinancialNewsSentiment
Fine-tuned FinBERT,Internal,neutral,positive,neutral → positive,"Billboard adding Apple, YouTube plays to Hot 100",0.9671934,0.0006563994,0.032150157,0.9671934,TwitterFinancialNewsSentiment
Fine-tuned FinBERT,Internal,positive,neutral,positive → neutral,Amazon says it signed up new Prime service members in record numbers in the U.K. this week when it aired Premier Le… https://t.co/SM7E7PiVsL,0.99839884,0.0002127889,0.99839884,0.0013883498,TwitterFinancialNewsSentiment
Fine-tuned FinBERT,Internal,neutral,positive,neutral → positive,Ultra-Short Obligation Funds Wrap Up Their Third Consecutive Year Of Impressive Net Inflows. Follow this and any ot… https://t.co/CA1OwTZUGX,0.8485523,0.0008931673,0.15055458,0.8485523,TwitterFinancialNewsSentiment
Fine-tuned FinBERT,Internal,neutral,positive,neutral → positive,Ford to nearly halve its 2018 before interest and taxes loss in China https://t.co/SULE0vdZhE https://t.co/mZcVGtnFRN,0.9394529,0.05940739,0.0011397172,0.9394529,TwitterFinancialNewsSentiment
Fine-tuned FinBERT,Internal,neutral,negative,neutral → negative,Richmond Fed Business Survey Shockingly Rises... Here's Why  https://t.co/c4DsjNAHPS,0.9882384,0.9882384,0.004032927,0.007728709,TwitterFinancialNewsSentiment
Fine-tuned FinBERT,Internal,neutral,positive,neutral → positive,Respimat® re-usable inhaler wins 2020 Pharmapack Eco-Design Award,0.9973918,0.00023496304,0.0023732495,0.9973918,TwitterFinancialNewsSentiment
Fine-tuned FinBERT,Internal,negative,neutral,negative → neutral,La Jolla Pharmaceutical to reassess continued development of LJPC-401 based on clinical results,0.9989548,0.00083678594,0.9989548,0.00020843465,TwitterFinancialNewsSentiment
Fine-tuned FinBERT,Internal,positive,negative,positive → negative,"""The worst is behind us for this cyclical bear market that began two years ago, not last month,"" said a Morgan Stan… https://t.co/e8xnMsmKNI",0.89392734,0.89392734,0.104434565,0.0016381604,TwitterFinancialNewsSentiment
Fine-tuned FinBERT,Internal,neutral,positive,neutral → positive,$YEXT - Yext: The Crash Is A Buying Opportunity. Read more and get updates on any stock! https://t.co/4mizbyGBTR… https://t.co/B7QRWSRDyq,0.9979711,0.00025208545,0.0017768292,0.9979711,TwitterFinancialNewsSentiment
Fine-tuned FinBERT,Internal,negative,positive,negative → positive,Jobless claims hits 2.5 months high,0.99727577,0.0019654047,0.00075883203,0.99727577,TwitterFinancialNewsSentiment
Fine-tuned FinBERT,Internal,positive,negative,positive → negative,$ECONX: November Nonfarm Payrolls 266K vs 182K https://t.co/M9gpUZQoF7 consensus https://t.co/uPsOqomWWO,0.57096237,0.57096237,0.012329801,0.41670778,TwitterFinancialNewsSentiment
Fine-tuned FinBERT,Internal,positive,neutral,positive → neutral,"Beyond Meat among the stocks set to benefit from ongoing pork shortage, Bernstein says",0.9912736,0.0028276213,0.9912736,0.005898723,TwitterFinancialNewsSentiment
Fine-tuned FinBERT,Internal,negative,neutral,negative → neutral,Every Bubble Eventually Finds Its Pin https://t.co/E3LesbBMP1,0.99897206,0.0005598552,0.99897206,0.00046813308,TwitterFinancialNewsSentiment
Fine-tuned FinBERT,Internal,positive,neutral,positive → neutral,Aramco Up for Third Session With Eye on Passive Flows: Inside EM,0.9932954,0.00025301118,0.9932954,0.0064515728,TwitterFinancialNewsSentiment
Fine-tuned FinBERT,Internal,neutral,negative,neutral → negative,"$BA - Boeing plane skids off runway in Istanbul, killing one passenger https://t.co/IBHUB8yLOO",0.99274194,0.99274194,0.006820058,0.000437989,TwitterFinancialNewsSentiment
Fine-tuned FinBERT,Internal,positive,neutral,positive → neutral,Trump said that a long-negotiated trade deal with China is “potentially very close” this morning. https://t.co/d1Pf2FYoyE,0.9802178,0.00043203554,0.9802178,0.019350203,TwitterFinancialNewsSentiment
Fine-tuned FinBERT,Internal,positive,neutral,positive → neutral,"The RBA Turns Dovish, with Focus on Trade to Persist Throughout The Day",0.9989316,0.000904345,0.9989316,0.00016412459,TwitterFinancialNewsSentiment
Fine-tuned FinBERT,Internal,neutral,positive,neutral → positive,Capstone Turbine wins flare gas project order from Ecopetrol,0.9977952,0.0002539275,0.0019509005,0.9977952,TwitterFinancialNewsSentiment
Fine-tuned FinBERT,Internal,positive,neutral,positive → neutral,Communications Services Up On Rotation Into Cyclical Sectors -- Communications Services Roundup #economy… https://t.co/N0QkHtxl0d,0.7884355,0.0008085938,0.7884355,0.21075587,TwitterFinancialNewsSentiment
Fine-tuned FinBERT,Internal,positive,neutral,positive → neutral,The Big Picture: No fundamental reason for 2019 holiday sales to disappoint $SPY-- https://t.co/w4dAzYCmAz… https://t.co/CNY9CEJica,0.9988335,0.00030431003,0.9988335,0.00086219906,TwitterFinancialNewsSentiment
Fine-tuned FinBERT,Internal,neutral,negative,neutral → negative,"Opinion: In past cycles, a decline in unemployment below its natural rate has been a signal that wage pressures are… https://t.co/fAGrBcXEZW",0.9960752,0.9960752,0.0016008881,0.0023238568,TwitterFinancialNewsSentiment
Fine-tuned FinBERT,Internal,negative,positive,negative → positive,Bank of America sees demand surge for paycheck protection loans https://t.co/6feALqK8zN,0.6286605,0.0062122527,0.3651273,0.6286605,TwitterFinancialNewsSentiment
Fine-tuned FinBERT,Internal,negative,neutral,negative → neutral,Needham's Martin Defends Her Prediction That Netflix Subscriptions Will Fall,0.6252717,0.36880338,0.6252717,0.0059249857,TwitterFinancialNewsSentiment
Fine-tuned FinBERT,Internal,neutral,positive,neutral → positive,"BHP is plans to increase its stake in SolGold, which develops projects in copper hot spot Ecuador https://t.co/JRxd5ww9Sy",0.98573595,0.00015804272,0.0141059635,0.98573595,TwitterFinancialNewsSentiment
Fine-tuned FinBERT,Internal,negative,neutral,negative → neutral,Coronavirus will probably destroy one of the stock market's biggest crutches https://t.co/6PAfslV0ul by @BrianSozzi https://t.co/yFTXFTKQV0,0.7949452,0.20442116,0.7949452,0.0006336848,TwitterFinancialNewsSentiment
Fine-tuned FinBERT,Internal,neutral,positive,neutral → positive,"Highlight: “The U.S. consumer… [has] continued to de-lever,” notes AngelOakCap’s Sam Dunlap. “That’s really… what w… https://t.co/YFMEI1k0VV",0.5212672,0.39728156,0.08145128,0.5212672,TwitterFinancialNewsSentiment
Fine-tuned FinBERT,Internal,negative,neutral,negative → neutral,"KUDLOW: NO PLANS FOR CHINA, U.S. LEADERS TO MEET AT PRESENT

Tariff deadline is in 9 days",0.99949646,0.00030038168,0.99949646,0.00020311432,TwitterFinancialNewsSentiment
Fine-tuned FinBERT,Internal,neutral,negative,neutral → negative,New developments added to @FedFRASER's COVID-19 timeline in the latest week: second historic rise in unemployment i… https://t.co/o4yYfNRbhA,0.68669003,0.68669003,0.3104475,0.0028624516,TwitterFinancialNewsSentiment
Fine-tuned FinBERT,Internal,negative,neutral,negative → neutral,Fun fact: there are about 35 million people still in credit-card debt from last year’s round of holiday shopping. H… https://t.co/jCGa4zu6Nl,0.9555246,0.043830622,0.9555246,0.00064474996,TwitterFinancialNewsSentiment
Fine-tuned FinBERT,Internal,negative,neutral,negative → neutral,FCC Bigfoots Satellite Companies,0.99939704,0.00041304642,0.99939704,0.00018985289,TwitterFinancialNewsSentiment
Fine-tuned FinBERT,Internal,positive,negative,positive → negative,Alibaba Stock Shows Strong Tailwinds from Subscriber Growth,0.99843496,0.99843496,0.0012615767,0.00030349693,TwitterFinancialNewsSentiment
Fine-tuned FinBERT,Internal,neutral,negative,neutral → negative,Expense report fraud opening the door to bigger financial losses,0.99706525,0.99706525,0.002641146,0.00029356033,TwitterFinancialNewsSentiment
Fine-tuned FinBERT,Internal,negative,neutral,negative → neutral,"Damned if they do, damned if they don't: Investors are punishing major oil companies for new crude reserves-and cle… https://t.co/mILVq1M0cW",0.93684787,0.061225697,0.93684787,0.0019264206,TwitterFinancialNewsSentiment
Fine-tuned FinBERT,Internal,positive,negative,positive → negative,Stock Market Update: Wholesale inventories decline in December,0.99769104,0.99769104,0.0020315186,0.00027741404,TwitterFinancialNewsSentiment
Fine-tuned FinBERT,Internal,negative,neutral,negative → neutral,BTIG points to breakfast pressure for Dunkin' Brands,0.97887886,0.020924307,0.97887886,0.00019691637,TwitterFinancialNewsSentiment
Fine-tuned FinBERT,Internal,neutral,negative,neutral → negative,"Wall Street ends near flat after U.S., China announce trade deal",0.9392882,0.9392882,0.05966577,0.0010460787,TwitterFinancialNewsSentiment
Fine-tuned FinBERT,Internal,negative,neutral,negative → neutral,"Argentina's story: 
⏩ Leaders spend 
⏩ Investors sour 
⏩ Inflation spikes 
⏩ Recession hits
🔃 Repeat 
(via… https://t.co/2AnRzFq7MM",0.9981394,0.0016899998,0.9981394,0.00017068279,TwitterFinancialNewsSentiment
Fine-tuned FinBERT,Internal,negative,neutral,negative → neutral,"Lagarde Says ECB's Options Limited by Low Rates, Low Inflation",0.99926287,0.0005973701,0.99926287,0.00013968298,TwitterFinancialNewsSentiment
Fine-tuned FinBERT,Internal,neutral,negative,neutral → negative,UPDATE 2-European stocks end flat as defensive gains offset auto slide,0.987288,0.987288,0.012441592,0.00027043058,TwitterFinancialNewsSentiment
Fine-tuned FinBERT,Internal,positive,negative,positive → negative,Estee Lauder Q2 sales $4.62 bln vs. $4.01 bln; FactSet consensus $4.35 bln,0.8239956,0.8239956,0.0047637452,0.17124066,TwitterFinancialNewsSentiment
Fine-tuned FinBERT,Internal,negative,neutral,negative → neutral,Vanguard Real Estate $VNQ sweep buys 4450 January $60 puts to open $4.90 to $5 offers after it retested a key support break this week,0.8442719,0.0014134537,0.8442719,0.15431458,TwitterFinancialNewsSentiment
Fine-tuned FinBERT,Internal,negative,positive,negative → positive,Kohl's Q3 EPS 78 cents vs. 98 cents,0.98005956,0.01892339,0.0010170321,0.98005956,TwitterFinancialNewsSentiment
Fine-tuned FinBERT,Internal,negative,neutral,negative → neutral,KUDLOW SAYS TRUMP IS NOT READY TO SIGN ANY TRADE DEAL WITH CHINA,0.9990362,0.000766653,0.9990362,0.00019716144,TwitterFinancialNewsSentiment
Fine-tuned FinBERT,Internal,neutral,negative,neutral → negative,$GATX - GATX to sell American Steamship Company business segment https://t.co/AXjJVbiib6,0.905626,0.905626,0.09396069,0.0004134205,TwitterFinancialNewsSentiment
Fine-tuned FinBERT,Internal,neutral,negative,neutral → negative,Yet another reason to unplug: Cellphone injuries have risen over the past 20 years https://t.co/iUIC2yQjgK,0.9961211,0.9961211,0.0035355524,0.0003433412,TwitterFinancialNewsSentiment
Fine-tuned FinBERT,Internal,neutral,negative,neutral → negative,Activision Blizzard’s Revenue To See Double-Digit Decline In 2019?,0.6590276,0.6590276,0.3402258,0.00074667676,TwitterFinancialNewsSentiment
Fine-tuned FinBERT,Internal,neutral,positive,neutral → positive,Kylie deal seen as a positive for Coty,0.99832267,0.00028838316,0.0013888796,0.99832267,TwitterFinancialNewsSentiment
Fine-tuned FinBERT,Internal,neutral,negative,neutral → negative,China Travel Bans Leave Thousands Stranded Around the World,0.93972814,0.93972814,0.059918657,0.00035326765,TwitterFinancialNewsSentiment
Fine-tuned FinBERT,Internal,neutral,negative,neutral → negative,"How likely is it that the U.S. will enter a recession? Our updating tracker will tell you. 

Sign up to get the lat… https://t.co/5w0lwFHRCF",0.9115123,0.9115123,0.0878557,0.00063195865,TwitterFinancialNewsSentiment
Fine-tuned FinBERT,Internal,neutral,positive,neutral → positive,The number of 401(k) millionaires is rising — but there’s a catch. Some baby boomers are taking big risks. - The Washington Post,0.69271564,0.002059512,0.3052248,0.69271564,TwitterFinancialNewsSentiment
Fine-tuned FinBERT,Internal,neutral,negative,neutral → negative,8x8 -2.9% on $75M convertible note issue,0.5560457,0.5560457,0.44270894,0.0012454018,TwitterFinancialNewsSentiment
Fine-tuned FinBERT,Internal,positive,neutral,positive → neutral,$PEP - PepsiCo: It's A Better Dividend Play Today Than You Think. Subscribe to Seeking Alpha for more:… https://t.co/4YwbDuC6X8,0.99709165,0.00022439095,0.99709165,0.0026838733,TwitterFinancialNewsSentiment
Fine-tuned FinBERT,Internal,neutral,positive,neutral → positive,Saudi Arabia is ramping up crude oil production in a bid to win a price war. Insights via @CMEGroup https://t.co/2PQijkKFcd,0.5038422,0.0014245448,0.4947333,0.5038422,TwitterFinancialNewsSentiment
Fine-tuned FinBERT,Internal,neutral,negative,neutral → negative,Barbados suffers second day of major power outages,0.64745826,0.64745826,0.35172012,0.0008215759,TwitterFinancialNewsSentiment
Fine-tuned FinBERT,Internal,negative,neutral,negative → neutral,Price of Gold Fundamental Daily Forecast – U.S. Dollar Uptick Limiting Gold’s Gains,0.5079588,0.4875104,0.5079588,0.0045307325,TwitterFinancialNewsSentiment
Fine-tuned FinBERT,Internal,neutral,negative,neutral → negative,The U.K. reports a decline in the number of coronavirus-related deaths for the second day in a row https://t.co/RD7dWLp3kE,0.9872076,0.9872076,0.0054416135,0.007350776,TwitterFinancialNewsSentiment
Fine-tuned FinBERT,Internal,negative,neutral,negative → neutral,UAE stimulus to help bank liquidity but may increase problem loans - Moody's #economy #MarketScreener… https://t.co/8rGhax4y8C,0.9981142,0.0016631293,0.9981142,0.00022267168,TwitterFinancialNewsSentiment
Fine-tuned FinBERT,Internal,neutral,positive,neutral → positive,Goldman Sachs Curbs New Lending on Coal and Arctic Oil,0.9428573,0.0032744454,0.053868257,0.9428573,TwitterFinancialNewsSentiment
Fine-tuned FinBERT,Internal,neutral,negative,neutral → negative,Foroohar: 2020 Election Poses Risk To Silicon Valley Tech Giants. Get more updates here: https://t.co/9UzZfKJoGd #business #finance #economy,0.848315,0.848315,0.15134977,0.0003352235,TwitterFinancialNewsSentiment
Fine-tuned FinBERT,Internal,neutral,positive,neutral → positive,"Stock-index futures hold gains after retail sales, import prices data",0.9850273,0.0005891486,0.014383512,0.9850273,TwitterFinancialNewsSentiment
Fine-tuned FinBERT,Internal,neutral,negative,neutral → negative,New tariffs are set to go into place on December 15 that would affect a variety of consumer products such as Chines… https://t.co/O9VG6iEBs7,0.9679469,0.9679469,0.031723473,0.0003296363,TwitterFinancialNewsSentiment
Fine-tuned FinBERT,Internal,neutral,positive,neutral → positive,HSBC Says British Pound May Soar. Or Crash,0.9940592,0.00061490724,0.005325876,0.9940592,TwitterFinancialNewsSentiment
Fine-tuned FinBERT,Internal,negative,neutral,negative → neutral,Rally May Stall For Malaysia Stock Market - Nasdaq,0.9876459,0.010641179,0.9876459,0.0017130023,TwitterFinancialNewsSentiment
Fine-tuned FinBERT,Internal,negative,neutral,negative → neutral,$LJPC - La Jolla Pharma to reassess development of LJPC-401 https://t.co/sJITlHYGuz,0.9975145,0.002353198,0.9975145,0.00013230732,TwitterFinancialNewsSentiment
Fine-tuned FinBERT,Internal,neutral,positive,neutral → positive,This Ultra-High-Yield Stock's Numbers Are Better Than They Look,0.84808964,0.0008022994,0.15110804,0.84808964,TwitterFinancialNewsSentiment
Fine-tuned FinBERT,Internal,neutral,negative,neutral → negative,The Recent Rebound In Monthly Employment: Contradictory Micro And Macro Indications. https://t.co/MBEYKBqnS3 #business #markets #investing,0.96136844,0.96136844,0.037439983,0.0011915921,TwitterFinancialNewsSentiment
Fine-tuned FinBERT,Internal,positive,negative,positive → negative,"$CLR (+4.3% pre) Continental Resources suspends dividend amid coronavirus woes - Reuters

https://t.co/tqpAqQbJR1",0.9983783,0.9983783,0.0011045209,0.0005172353,TwitterFinancialNewsSentiment
Fine-tuned FinBERT,Internal,neutral,negative,neutral → negative,Nestle India Accused Of Making Rs 90 Crore Undue Profit By Not Passing On GST Rate Cut Benefits,0.9987369,0.9987369,0.00091710844,0.00034597065,TwitterFinancialNewsSentiment
Fine-tuned FinBERT,Internal,neutral,negative,neutral → negative,"Coronavirus cases worldwide are ‘going up very steeply,’ says NIH Director Francis Collins",0.88041717,0.88041717,0.11582943,0.0037533273,TwitterFinancialNewsSentiment
Fine-tuned FinBERT,Internal,negative,neutral,negative → neutral,Oil slips but holds near 2-month high as looming OPEC meeting expected to yield deeper cuts https://t.co/aYzVtRXGu2,0.7334883,0.24607827,0.7334883,0.020433469,TwitterFinancialNewsSentiment
Fine-tuned FinBERT,Internal,neutral,negative,neutral → negative,$SPX - going to close red on the month? https://t.co/8uM7YBdsWL,0.99702865,0.99702865,0.0027389864,0.00023235922,TwitterFinancialNewsSentiment
Fine-tuned FinBERT,Internal,neutral,negative,neutral → negative,$WCAGY $WRCDF - The Most Recent News About Wirecard AG Is Not Really News - But Problematic Nonetheless. Follow thi… https://t.co/a0D2f2opx8,0.9945234,0.9945234,0.005231931,0.0002446785,TwitterFinancialNewsSentiment
Fine-tuned FinBERT,Internal,neutral,negative,neutral → negative,Stocks Are Writing Checks the Economic Data Can’t Cash,0.8151351,0.8151351,0.18401445,0.0008504492,TwitterFinancialNewsSentiment
Fine-tuned FinBERT,Internal,negative,neutral,negative → neutral,$NFLX - New Netflix bear steps out https://t.co/PdPkgLk0FQ,0.9992418,0.00044405,0.9992418,0.00031415577,TwitterFinancialNewsSentiment
Fine-tuned FinBERT,Internal,neutral,negative,neutral → negative,The Nasdaq Could Be In Trouble Before 2019 Is Out. Read more and sign up for updates: https://t.co/rfYVcCfma3… https://t.co/HTcvorUn8n,0.99870217,0.99870217,0.0010642211,0.0002335419,TwitterFinancialNewsSentiment
Fine-tuned FinBERT,Internal,positive,neutral,positive → neutral,Deluxe delivered record FY2019 revenue,0.99807525,0.00026175633,0.99807525,0.0016629511,TwitterFinancialNewsSentiment
Fine-tuned FinBERT,Internal,neutral,negative,neutral → negative,"Japan Post Probe Finds 9,000 Cases of Missold Insurance: Yomiuri",0.99665195,0.99665195,0.0029201894,0.00042784208,TwitterFinancialNewsSentiment
Fine-tuned FinBERT,Internal,neutral,negative,neutral → negative,Income Lab Ideas: Distribution Cut - Don't Panic. Get more updates here: https://t.co/RO4gkAN22a #trading #finance #economy,0.9154108,0.9154108,0.08307463,0.0015145828,TwitterFinancialNewsSentiment
Fine-tuned FinBERT,Internal,negative,neutral,negative → neutral,Oil prices fall but hold near three-month high on trade deal agreement,0.9927044,0.0030545616,0.9927044,0.0042410595,TwitterFinancialNewsSentiment
Fine-tuned FinBERT,Internal,positive,neutral,positive → neutral,$CHFS red to green type move soon.,0.97158664,0.023039024,0.97158664,0.005374386,TwitterFinancialNewsSentiment
Fine-tuned FinBERT,Internal,neutral,positive,neutral → positive,Consumer Cos Up On Optimism Ahead Of Holiday Shopping Kickoff -- Consumer Roundup #economy #MarketScreener… https://t.co/5hCBNqLjZr,0.998798,0.0004511928,0.0007508124,0.998798,TwitterFinancialNewsSentiment
Fine-tuned FinBERT,Internal,positive,negative,positive → negative,Gold bars in short supply due to coronavirus disruption https://t.co/EWyq7sdECJ,0.99857855,0.99857855,0.0011204345,0.00030109976,TwitterFinancialNewsSentiment
Fine-tuned FinBERT,Internal,neutral,positive,neutral → positive,"$HP - Helmerich & Payne: Dividend Safety Improving, Although Concerns Remain. Read more: https://t.co/vQv7uA4Vnp… https://t.co/O2CjjBd9Di",0.9981956,0.00017515833,0.001629253,0.9981956,TwitterFinancialNewsSentiment
Fine-tuned FinBERT,Internal,neutral,negative,neutral → negative,"Chinese importers scoop up Brazilian soybeans amid U.S. trade uncertainty - Reuters

https://t.co/0zdyq5mhHT",0.8763115,0.8763115,0.12243092,0.0012576263,TwitterFinancialNewsSentiment
Fine-tuned FinBERT,Internal,negative,neutral,negative → neutral,"Amazon could be forced to spin off AWS, Oppenheimer says",0.95230454,0.047446944,0.95230454,0.00024845725,TwitterFinancialNewsSentiment
Fine-tuned FinBERT,Internal,neutral,positive,neutral → positive,"Before the coronavirus struck, U.S. job openings stood at nearly 7 million https://t.co/gEijFZ3crn",0.7705315,0.17789295,0.051575564,0.7705315,TwitterFinancialNewsSentiment
Fine-tuned FinBERT,Internal,neutral,negative,neutral → negative,Apple delaying the theatrical release of “The Banker” after one of the movie’s producers was accused of assault by… https://t.co/rqPyMuLZob,0.9966708,0.9966708,0.0031158852,0.00021338237,TwitterFinancialNewsSentiment
Fine-tuned FinBERT,Internal,neutral,negative,neutral → negative,“The Democrats are getting hit and slammed on Impeachment. It is getting less and less popular by the day.” @kilmeade @foxandfriends,0.94350874,0.94350874,0.056254677,0.00023657992,TwitterFinancialNewsSentiment
Fine-tuned FinBERT,Internal,positive,neutral,positive → neutral,$NGM $NGM $ICPT - Big partner boosts biotech with 120% upside - Raymond James https://t.co/sqrqPvLRC9,0.9246062,0.00037309236,0.9246062,0.075020686,TwitterFinancialNewsSentiment
Fine-tuned FinBERT,Internal,negative,neutral,negative → neutral,FCA Investigates Fraud in Collapse of Two Listed Companies,0.99376017,0.0058385995,0.99376017,0.00040127707,TwitterFinancialNewsSentiment
Fine-tuned FinBERT,Internal,neutral,negative,neutral → negative,Record oil production cut hangs in the balance as G20 meeting concludes with no specifics https://t.co/MVPehLJcWr,0.89764315,0.89764315,0.101858884,0.0004980392,TwitterFinancialNewsSentiment
Fine-tuned FinBERT,Internal,neutral,positive,neutral → positive,$UTX - United Tech's Collins to expand landing systems operations https://t.co/iTyYsH2BEi,0.7190007,0.000683092,0.2803162,0.7190007,TwitterFinancialNewsSentiment
Fine-tuned FinBERT,Internal,negative,neutral,negative → neutral,$WDC - Western Digital May Have Trouble Pushing Stock Price Higher. Subscribe to Seeking Alpha for more:… https://t.co/dutJc7l7Hq,0.98855954,0.009894584,0.98855954,0.0015458806,TwitterFinancialNewsSentiment
Fine-tuned FinBERT,Internal,neutral,negative,neutral → negative,"PG&E to cut power to 150,000 customer for fire risk",0.9980117,0.9980117,0.0017910555,0.00019731461,TwitterFinancialNewsSentiment
Fine-tuned FinBERT,Internal,neutral,negative,neutral → negative,$CS - Credit Suisse power struggle mounts - Bloomberg https://t.co/rn1V98jRFH,0.8327605,0.8327605,0.16674331,0.00049617415,TwitterFinancialNewsSentiment
Fine-tuned FinBERT,Internal,neutral,negative,neutral → negative,"Good news/bad news: Jobs growth continues, construction spending falters",0.9959869,0.9959869,0.0038437513,0.00016935004,TwitterFinancialNewsSentiment
Fine-tuned FinBERT,Internal,neutral,negative,neutral → negative,UPDATE 1-Italian airline Alitalia's rescue in doubt as Atlantia backtracks,0.9853735,0.9853735,0.013878186,0.0007482669,TwitterFinancialNewsSentiment
Fine-tuned FinBERT,Internal,neutral,negative,neutral → negative,"The smog in Sydney is forcing offices to evacuate, as it's rated 11x worse than the ""hazardous"" level.… https://t.co/dFw6VfXpc9",0.97478414,0.97478414,0.024751892,0.00046404003,TwitterFinancialNewsSentiment
Fine-tuned FinBERT,Internal,neutral,positive,neutral → positive,$SCANX: Stocks/ETFs that traded to new 52 week highs/lows this session - New highs (37) outpacing new lows (30) https://t.co/mozUwgcLn9,0.9981117,0.00029080422,0.0015974925,0.9981117,TwitterFinancialNewsSentiment
Fine-tuned FinBERT,Internal,positive,neutral,positive → neutral,$LLNW: Limelight Networks issues in-line 2020 guidance https://t.co/EkPmoLUAxU,0.99904937,0.00019175443,0.99904937,0.00075890636,TwitterFinancialNewsSentiment
Fine-tuned FinBERT,Internal,negative,positive,negative → positive,A Booming Corner of Private Credit Has Some Investors on Edge,0.9935003,0.0005009724,0.005998706,0.9935003,TwitterFinancialNewsSentiment
Fine-tuned FinBERT,Internal,neutral,positive,neutral → positive,$ACER - Acer Therapeutics: Upcoming Catalysts. https://t.co/vseXJ9e1nH #business #investing #markets,0.5350989,0.00057650195,0.4643246,0.5350989,TwitterFinancialNewsSentiment
Fine-tuned FinBERT,Internal,positive,neutral,positive → neutral,"Futures, Global Markets Soar For Second Day As Virus Fears Fade, Dollars Slides https://t.co/ORNlxqQtf5",0.8332425,0.0028298106,0.8332425,0.1639277,TwitterFinancialNewsSentiment
Fine-tuned FinBERT,Internal,neutral,positive,neutral → positive,$SES BINGO !!!!!!!!,0.96576434,0.00053837604,0.033697266,0.96576434,TwitterFinancialNewsSentiment
Fine-tuned FinBERT,Internal,negative,neutral,negative → neutral,$BIL $JPST $VTV - Recession Risk Isn't Off The Table: Adjusting ETF Portfolios Accordingly (Podcast Transcript). Fo… https://t.co/3dcqWSJTnR,0.9992798,0.00044569292,0.9992798,0.0002746362,TwitterFinancialNewsSentiment
Fine-tuned FinBERT,Internal,neutral,positive,neutral → positive,"Saudi Arabia and Kuwait have authorized the restart of oil production at the Wafra field from Sunday, more than fou… https://t.co/QzwNno2qrE",0.9659849,0.00036152557,0.03365357,0.9659849,TwitterFinancialNewsSentiment
Fine-tuned FinBERT,Internal,negative,neutral,negative → neutral,Target Hospitality Corp. Just Missed EPS By 34%: Here's What Analysts Think Will Happen Next,0.9990043,0.0005221609,0.9990043,0.00047344476,TwitterFinancialNewsSentiment
Fine-tuned FinBERT,Internal,negative,neutral,negative → neutral,"NTSB cites Uber, driver in fatal crash",0.546494,0.45226288,0.546494,0.0012431635,TwitterFinancialNewsSentiment
Fine-tuned FinBERT,Internal,neutral,positive,neutral → positive,$R - Ryder enhances its liquidity position with $400M public bond offering https://t.co/Pr8ZM0umo6,0.9954963,0.00015820007,0.004345535,0.9954963,TwitterFinancialNewsSentiment
Fine-tuned FinBERT,Internal,negative,neutral,negative → neutral,"$GBX: Greenbrier beats by $0.20, misses on revs; suspending FY20 guidance https://t.co/KhXutNgMZW",0.99371827,0.0058642183,0.99371827,0.0004174593,TwitterFinancialNewsSentiment
Fine-tuned FinBERT,Internal,negative,positive,negative → positive,"Bear-Market Bounce Breaks Despite ""Global Money-Printing Orgy""  https://t.co/d5ecBrunow",0.9981806,0.00034306108,0.0014762961,0.9981806,TwitterFinancialNewsSentiment
Fine-tuned FinBERT,Internal,neutral,positive,neutral → positive,Raytheon Shows Its Strength Heading Into United Technologies Deal,0.99842167,0.00030731002,0.0012709992,0.99842167,TwitterFinancialNewsSentiment
Fine-tuned FinBERT,Internal,neutral,positive,neutral → positive,$SINT familiar name. Loading zone. Worth a trade again. There is a gap to fill. https://t.co/8ksSOMveUD,0.9965513,0.00018788903,0.003260857,0.9965513,TwitterFinancialNewsSentiment
Fine-tuned FinBERT,Internal,positive,neutral,positive → neutral,$AUPH - Aurinia's Successful Study In Lupus Nephritis Changes The Scope Of Treatment Options For Patients. Follow t… https://t.co/DbMxN5iCwi,0.99875355,0.00019509008,0.99875355,0.0010512924,TwitterFinancialNewsSentiment
Fine-tuned FinBERT,Internal,neutral,positive,neutral → positive,"Daimler, Volvo Win Dismissal of $950 Million Cartel Suit",0.99817574,0.0004977163,0.0013265569,0.99817574,TwitterFinancialNewsSentiment
Fine-tuned FinBERT,Internal,neutral,negative,neutral → negative,Monday's big rally is premature: financial advisor #economy #MarketScreener https://t.co/Ld6fdzqgQd https://t.co/nqWvTA19gR,0.9645304,0.9645304,0.034903314,0.0005662716,TwitterFinancialNewsSentiment
Fine-tuned FinBERT,Internal,negative,neutral,negative → neutral,OPEC+ deal is much weaker than it looks,0.5479658,0.45088777,0.5479658,0.0011463608,TwitterFinancialNewsSentiment
Fine-tuned FinBERT,Internal,neutral,positive,neutral → positive,$CEI non stop ion after-hours. $GBR deserves some attention,0.8056023,0.00045828326,0.19393939,0.8056023,TwitterFinancialNewsSentiment
Fine-tuned FinBERT,Internal,neutral,positive,neutral → positive,UPDATE 1-Flydubai chairman says could still buy Airbus A320s to replace MAX jets,0.9436601,0.0004838024,0.05585607,0.9436601,TwitterFinancialNewsSentiment
Fine-tuned FinBERT,Internal,neutral,positive,neutral → positive,"Nodal Exchange Successfully Completes Migration of U.S. Power Open Interest from Nasdaq Futures, Inc.",0.95915735,0.0005663879,0.040276267,0.95915735,TwitterFinancialNewsSentiment
Fine-tuned FinBERT,Internal,neutral,positive,neutral → positive,Gartner Guides Light After Ending 2019 on a High Note,0.9976549,0.0003809517,0.001964096,0.9976549,TwitterFinancialNewsSentiment
Fine-tuned FinBERT,Internal,neutral,negative,neutral → negative,Ukraine still hasn't received $35 million of approved military aid: report https://t.co/N0yrGxtdQl via @HuffPost https://t.co/58RXm3xu0f,0.9833929,0.9833929,0.01630875,0.00029837003,TwitterFinancialNewsSentiment
Fine-tuned FinBERT,Internal,neutral,negative,neutral → negative,Stocks That Fell to 3-Year Lows in the Week of Dec. 13,0.9978733,0.9978733,0.0019214663,0.00020519852,TwitterFinancialNewsSentiment
Fine-tuned FinBERT,Internal,positive,neutral,positive → neutral,"AUD/USD, NZD/USD, USD/CNY – Greenback Showing Slight Gains",0.96091574,0.0011655252,0.96091574,0.03791866,TwitterFinancialNewsSentiment
Fine-tuned FinBERT,Internal,neutral,negative,neutral → negative,The U.S. Navy sailor who fatally shot two people at Pearl Harbor before killing himself was unhappy with his comman… https://t.co/ACPOHAtzzq,0.8541492,0.8541492,0.14528607,0.00056473014,TwitterFinancialNewsSentiment
Fine-tuned FinBERT,Internal,neutral,negative,neutral → negative,"Fed Intervenes With $45.55 Billion Weekend Repo, But Overall Liquidity Ticks Down https://t.co/luXKbrLrXC",0.7491911,0.7491911,0.25045273,0.00035617469,TwitterFinancialNewsSentiment
Fine-tuned FinBERT,Internal,positive,neutral,positive → neutral,"CuriosityStream, a streaming service devoted to science and nature has quietly amassed 10 million subscribers, more… https://t.co/bh8ZZdSJWv",0.99662787,0.00023675294,0.99662787,0.0031353529,TwitterFinancialNewsSentiment
Fine-tuned FinBERT,Internal,negative,neutral,negative → neutral,Why Aurora Cannabis Is Getting Hammered Today,0.9863295,0.003292377,0.9863295,0.010378109,TwitterFinancialNewsSentiment
Fine-tuned FinBERT,Internal,negative,neutral,negative → neutral,Lifeblood of Amazon merchants threatened as coronavirus infects Chinese workers,0.9894645,0.010301169,0.9894645,0.00023421102,TwitterFinancialNewsSentiment
Fine-tuned FinBERT,Internal,negative,neutral,negative → neutral,$COUP - Coupa: Don't Buy Into Expensive Valuation Amid Decelerating Growth. Follow this and any other stock on Seek… https://t.co/hMB6opBASj,0.9993881,0.0003296322,0.9993881,0.0002822146,TwitterFinancialNewsSentiment
Fine-tuned FinBERT,Internal,neutral,negative,neutral → negative,UK government admits Covid-19 antibody tests don't work https://t.co/u0mIhbtAjb,0.5893347,0.5893347,0.4100788,0.00058651523,TwitterFinancialNewsSentiment
Fine-tuned FinBERT,Internal,neutral,negative,neutral → negative,Ray Dalio fires back over hedge fund's reported $1.5B bet https://t.co/U12LP0cw9z via @FoxBusiness https://t.co/IOQZUBGFlf,0.90616876,0.90616876,0.093402684,0.0004285766,TwitterFinancialNewsSentiment
Fine-tuned FinBERT,Internal,positive,negative,positive → negative,$PRGO: Perrigo reports preliminary 1Q20 revenue above consensus estimate; does not modify full-year guidance https://t.co/2YcDQYw1D7,0.89933765,0.89933765,0.03643595,0.06422641,TwitterFinancialNewsSentiment
Fine-tuned FinBERT,Internal,negative,neutral,negative → neutral,Fed policymakers working to limit damage as pandemic puts U.S. economy on pause https://t.co/QwCihVGWly https://t.co/ZRbeFgfAdo,0.9946301,0.0051543084,0.9946301,0.00021551872,TwitterFinancialNewsSentiment
Fine-tuned FinBERT,Internal,neutral,positive,neutral → positive,Trump: 'Exports would zoom' if Fed lowers rates,0.9987406,0.0003909254,0.00086851185,0.9987406,TwitterFinancialNewsSentiment
Fine-tuned FinBERT,Internal,negative,neutral,negative → neutral,Potential global slowdown stokes expectations of a cut in interest rates    https://t.co/9yTZa2vCnY,0.8606152,0.13535203,0.8606152,0.0040328293,TwitterFinancialNewsSentiment
Fine-tuned FinBERT,Internal,positive,neutral,positive → neutral,$TEVA - Teva in talks with DoJ to end generics probes - Bloomberg https://t.co/a47OmArrQY,0.99889874,0.0005055965,0.99889874,0.0005955889,TwitterFinancialNewsSentiment
Fine-tuned FinBERT,Internal,positive,neutral,positive → neutral,"Why Ebix, Inc. (NASDAQ:EBIX) Should Be In Your Dividend Portfolio",0.99907696,0.0001720158,0.99907696,0.00075109414,TwitterFinancialNewsSentiment
Fine-tuned FinBERT,Internal,negative,neutral,negative → neutral,"Forget 'Ides Of March', Washington 'Storms Of December' Loom Over ""The Holidays"" https://t.co/KK7SgNSh1E",0.9980574,0.0017836457,0.9980574,0.00015895219,TwitterFinancialNewsSentiment
Fine-tuned FinBERT,Internal,neutral,negative,neutral → negative,Ruling on Ryanair bid to delay COO's easyJet move set for next week,0.6232888,0.6232888,0.3745099,0.0022012647,TwitterFinancialNewsSentiment
Fine-tuned FinBERT,Internal,neutral,positive,neutral → positive,Innodisk Group Strengthens AIoT Vision with Sysinno Acquisition,0.9758311,0.00017281625,0.02399611,0.9758311,TwitterFinancialNewsSentiment
Fine-tuned FinBERT,Internal,neutral,negative,neutral → negative,Mexico Official Complains About 3-Way Trade Deal in Tweetstorm,0.86112803,0.86112803,0.13834827,0.0005237303,TwitterFinancialNewsSentiment
Fine-tuned FinBERT,Internal,neutral,positive,neutral → positive,"With EPS Growth And More, Gencor Industries (NASDAQ:GENC) Is Interesting",0.9988049,0.0003335992,0.00086143834,0.9988049,TwitterFinancialNewsSentiment
Fine-tuned FinBERT,Internal,neutral,positive,neutral → positive,Carlisle Companies Extends $1 Billion Credit Facility,0.97062373,0.00032393239,0.029052375,0.97062373,TwitterFinancialNewsSentiment
Fine-tuned FinBERT,Internal,positive,neutral,positive → neutral,U.S. markets have hit record levels recently. What's your next move?,0.9865849,0.007058279,0.9865849,0.006356814,TwitterFinancialNewsSentiment
Fine-tuned FinBERT,Internal,neutral,positive,neutral → positive,Stocks That Hit 52-Week Highs On Tuesday,0.856926,0.0013018305,0.14177221,0.856926,TwitterFinancialNewsSentiment
Fine-tuned FinBERT,Internal,neutral,positive,neutral → positive,Qualcomm forecasts 450 mln in global 5G phone sales in 2021,0.99579984,0.00027068486,0.0039294884,0.99579984,TwitterFinancialNewsSentiment
Fine-tuned FinBERT,Internal,positive,neutral,positive → neutral,Canada’s ‘Big Six’ banks are staging a comeback https://t.co/tU3FgRapuZ,0.99821484,0.00050943356,0.99821484,0.0012757179,TwitterFinancialNewsSentiment
Fine-tuned FinBERT,Internal,neutral,positive,neutral → positive,A Healthy Consumer A Positive For The Economy. Get more updates here: https://t.co/KZX0xmhIm8 #stockmarket #investing #markets,0.9676807,0.00027113428,0.032048136,0.9676807,TwitterFinancialNewsSentiment
Fine-tuned FinBERT,Internal,positive,neutral,positive → neutral,OPINION: Why did markets shrug off Boris Johnson's hospitalization? Because of robust confidence in U.K.'s parliame… https://t.co/yBTZY2BnGa,0.99793917,0.00023487618,0.99793917,0.0018259311,TwitterFinancialNewsSentiment
Fine-tuned FinBERT,Internal,negative,positive,negative → positive,Samsung Heavy Industries to pay $75 million to resolve foreign bribery case: U.S. #SamsungHeavyIndustries #Stock… https://t.co/XgTBQMro1V,0.9976629,0.00084255956,0.0014945582,0.9976629,TwitterFinancialNewsSentiment
Fine-tuned FinBERT,Internal,neutral,positive,neutral → positive,A judge has temporarily blocked New York's new ban on broker fees paid by renters https://t.co/1QET3Td6Co,0.9150237,0.006056722,0.078919575,0.9150237,TwitterFinancialNewsSentiment
Fine-tuned FinBERT,Internal,positive,negative,positive → negative,Lagging MLP upgraded at Goldman as new projects seen lifting cash flows,0.9972504,0.9972504,0.0025561068,0.00019349135,TwitterFinancialNewsSentiment
Fine-tuned FinBERT,Internal,positive,neutral,positive → neutral,Kodak Is Having a Comeback Moment as Oscars Embrace Film,0.99824226,0.00039963017,0.99824226,0.0013580903,TwitterFinancialNewsSentiment
Fine-tuned FinBERT,Internal,negative,neutral,negative → neutral,"Hackers have gained access to thousands of Disney+ user accounts, selling them for between $3 and $11, according to… https://t.co/WjNynp7g4w",0.98346853,0.016314054,0.98346853,0.00021733285,TwitterFinancialNewsSentiment
Fine-tuned FinBERT,Internal,positive,negative,positive → negative,"RECAP 12/10 Unusual Calls:
$QSR Dec 67.5 C
$OXY Dec13 38.5 C
$CL Mar 75 C
$ARQL Apr 20 C
$LPI Jan 3 C
$JBLU Jan 20… https://t.co/Kg9YOYBDgF",0.9954516,0.9954516,0.0043863636,0.00016196696,TwitterFinancialNewsSentiment
Fine-tuned FinBERT,Internal,negative,neutral,negative → neutral,3 Big Reasons Investors Are Bailing on New Relic,0.99914026,0.00056179345,0.99914026,0.0002979376,TwitterFinancialNewsSentiment
Fine-tuned FinBERT,Internal,positive,negative,positive → negative,Corporate venture capital deals hit new record as banks invest in fintech competitors https://t.co/yNdMmEYskR,0.7654781,0.7654781,0.11184192,0.12267995,TwitterFinancialNewsSentiment
Fine-tuned FinBERT,Internal,neutral,negative,neutral → negative,The Silver Lining in Ford's Struggling Chinese Market,0.8399377,0.8399377,0.15904145,0.0010208986,TwitterFinancialNewsSentiment
Fine-tuned FinBERT,Internal,negative,neutral,negative → neutral,China braces for a wave of soured loans with a new bad-debt manager https://t.co/9iDZNKljqu,0.9913765,0.00840606,0.9913765,0.00021729531,TwitterFinancialNewsSentiment
Fine-tuned FinBERT,Internal,neutral,negative,neutral → negative,The FRED Blog maps economic uncertainty around the globe—from seemingly rock-steady in Morocco and Mongolia to shak… https://t.co/ke7dpuRF5Z,0.8510045,0.8510045,0.14782646,0.001169048,TwitterFinancialNewsSentiment
Fine-tuned FinBERT,Internal,neutral,positive,neutral → positive,The Hummingbird Project is a pretty good.,0.99264354,0.00019358376,0.0071628457,0.99264354,TwitterFinancialNewsSentiment
Fine-tuned FinBERT,Internal,neutral,negative,neutral → negative,"New Zealand’s central bank doesn’t expect its new bank capital rules to present a headwind for the economy, which l… https://t.co/YXwseGIYHw",0.983922,0.983922,0.01576204,0.00031601376,TwitterFinancialNewsSentiment
Fine-tuned FinBERT,Internal,positive,neutral,positive → neutral,Rains bring drought relief and hope to Australian farmers https://t.co/eTC9tqtevp,0.9968094,0.0007022806,0.9968094,0.0024882453,TwitterFinancialNewsSentiment
Fine-tuned FinBERT,Internal,neutral,positive,neutral → positive,Q4 GDP: Trudging Along. https://t.co/IQebEf5ooz #business #stockmarket #stocks,0.98369944,0.0011580453,0.015142518,0.98369944,TwitterFinancialNewsSentiment
Fine-tuned FinBERT,Internal,neutral,positive,neutral → positive,"'Jumanji' Sequel With Dwayne Johnson, Kevin Hart Tops Box Office",0.9836516,0.00036949367,0.015978929,0.9836516,TwitterFinancialNewsSentiment
Fine-tuned FinBERT,Internal,neutral,negative,neutral → negative,YouTube's Smaller and Growing Slower Than Instagram,0.99736744,0.99736744,0.0024545405,0.00017796959,TwitterFinancialNewsSentiment
Fine-tuned FinBERT,Internal,neutral,positive,neutral → positive,Amazon set to open new grocery stores next year,0.96669436,0.00043039583,0.03287526,0.96669436,TwitterFinancialNewsSentiment
Fine-tuned FinBERT,Internal,positive,neutral,positive → neutral,Stocks This Week: Buy Nike And Autodesk,0.8587969,0.00068419584,0.8587969,0.14051887,TwitterFinancialNewsSentiment
Fine-tuned FinBERT,Internal,neutral,positive,neutral → positive,Don’t Expect the Roaring ’10s for Stocks to Repeat in the ’20s,0.77930224,0.055645004,0.16505276,0.77930224,TwitterFinancialNewsSentiment
Fine-tuned FinBERT,Internal,negative,neutral,negative → neutral,"China's GDP growth this quarter will be 0%, according to top economist Ed Hyman",0.9967789,0.0020305908,0.9967789,0.0011904837,TwitterFinancialNewsSentiment
Fine-tuned FinBERT,Internal,neutral,negative,neutral → negative,"Highlight: ""Uber's vowed to appeal this decision,"" @tom_belger says after $UBER loses its London license over safet… https://t.co/1zo83OP3Ae",0.99579513,0.99579513,0.0038911027,0.0003137225,TwitterFinancialNewsSentiment
Fine-tuned FinBERT,Internal,neutral,negative,neutral → negative,Brookfield Asset Management loses a bull,0.9985702,0.9985702,0.0009922853,0.0004374413,TwitterFinancialNewsSentiment
Fine-tuned FinBERT,Internal,negative,neutral,negative → neutral,$PYPL - PayPal's Honey Acquisition Makes No Sense. Subscribe to Seeking Alpha for more: https://t.co/wBY7mOoVa5… https://t.co/tulizfE8Vb,0.9910642,0.008791034,0.9910642,0.00014478834,TwitterFinancialNewsSentiment
Fine-tuned FinBERT,Internal,positive,neutral,positive → neutral,$CAL $TPR $FL - Comeback bid for apparel https://t.co/sLP0UuRWUM,0.9544497,0.00190421,0.9544497,0.043646034,TwitterFinancialNewsSentiment
Fine-tuned FinBERT,Internal,neutral,negative,neutral → negative,"Morgan Stanley Sees Lower Truck Capacity, Higher Rates In 2020",0.99746966,0.99746966,0.0023531574,0.0001771364,TwitterFinancialNewsSentiment
Fine-tuned FinBERT,Internal,neutral,negative,neutral → negative,Virus Hits Hong Kong Insurers Already Reeling From Protests,0.9929639,0.9929639,0.0065386407,0.0004974393,TwitterFinancialNewsSentiment
Fine-tuned FinBERT,Internal,neutral,negative,neutral → negative,U.S. arrests three in alleged $722 million cryptocurrency fraud https://t.co/r7JbcAUepE https://t.co/I6DBZ4xKzB,0.93674326,0.93674326,0.06243134,0.0008254267,TwitterFinancialNewsSentiment
Fine-tuned FinBERT,Internal,negative,neutral,negative → neutral,How South Korea’s low birth rate adds to the case for QE https://t.co/GxY567Tu01,0.99893874,0.0009089158,0.99893874,0.00015233041,TwitterFinancialNewsSentiment
Fine-tuned FinBERT,Internal,neutral,positive,neutral → positive,"Bond Investors Are Back, Even in Indonesia -- 2nd Update #taux #MarketScreener https://t.co/SU92cPOAcs https://t.co/5qO73S1lBu",0.99651587,0.00028457213,0.0031995685,0.99651587,TwitterFinancialNewsSentiment
Fine-tuned FinBERT,Internal,positive,neutral,positive → neutral,$ATRS - Antares' Xyosted Is One Of The Best Testosterone Replacement Therapies Available. Subscribe to Seeking Alph… https://t.co/k1aJ5ESVJc,0.97850865,0.00022798331,0.97850865,0.021263387,TwitterFinancialNewsSentiment
Fine-tuned FinBERT,Internal,neutral,negative,neutral → negative,"$TCCO insane, halted again...... Just 1.85M shares float, exaclty like $MYSZ lets see if we get good news to see also a big pop. Im long.",0.9537814,0.9537814,0.04572474,0.0004938114,TwitterFinancialNewsSentiment
Fine-tuned FinBERT,Internal,neutral,negative,neutral → negative,$DBB - DBB: Renewed Weakness Driven By Zinc's Micro Fragility. Read more: https://t.co/nJrtsL0NJO #stocks #economy #trading,0.99871206,0.99871206,0.0009941682,0.00029378477,TwitterFinancialNewsSentiment
Fine-tuned FinBERT,Internal,neutral,negative,neutral → negative,"PNB Under-Reported Bad Loans By Rs 2,617 Crore In FY19",0.9984799,0.9984799,0.0011679108,0.00035219264,TwitterFinancialNewsSentiment
Fine-tuned FinBERT,Internal,positive,negative,positive → negative,USD/JPY Weekly Price Forecast – Dollar Continues To Test Resistance,0.9043478,0.9043478,0.023631621,0.072020605,TwitterFinancialNewsSentiment
Fine-tuned FinBERT,Internal,positive,neutral,positive → neutral,$UFS - Why Buying Domtar Isn't Such A Mad Idea. Continue reading: https://t.co/ghbluALQhp #economy #trading #investing,0.85910016,0.0025871273,0.85910016,0.13831271,TwitterFinancialNewsSentiment
Fine-tuned FinBERT,Internal,neutral,positive,neutral → positive,UPDATE 1-Novartis eyes Medicines Co to boost cardio franchise - report,0.9959794,0.00025801314,0.0037625455,0.9959794,TwitterFinancialNewsSentiment
Fine-tuned FinBERT,Internal,neutral,negative,neutral → negative,$AAPL - Apple delays theatrical debut of 'The Banker' https://t.co/vAHWmIoXp8,0.99808985,0.99808985,0.0017158128,0.0001943291,TwitterFinancialNewsSentiment
Fine-tuned FinBERT,Internal,positive,neutral,positive → neutral,Why This Acquisition Could Be Huge for Collegium Pharma,0.99832124,0.00018092629,0.99832124,0.0014977966,TwitterFinancialNewsSentiment
Fine-tuned FinBERT,Internal,positive,negative,positive → negative,"$hdge shorts getting killed today

https://t.co/EeN0kh6baB",0.9935376,0.9935376,0.0061869733,0.0002754126,TwitterFinancialNewsSentiment
Fine-tuned FinBERT,Internal,neutral,negative,neutral → negative,$PALL - PALL: Palladium Market To Remain In Deficit In 2019 Despite The Contraction In Global Auto Output. Subscrib… https://t.co/5cIQV2pKns,0.99732107,0.99732107,0.0024781013,0.00020084952,TwitterFinancialNewsSentiment
Fine-tuned FinBERT,Internal,neutral,positive,neutral → positive,"Tesla's made-in-China cars will qualify for subsidies there, a potential boon for the company https://t.co/7jDzEbGCsP",0.90100104,0.082131505,0.016867472,0.90100104,TwitterFinancialNewsSentiment
Fine-tuned FinBERT,Internal,neutral,positive,neutral → positive,"New for subscribers:  These stocks are 'good companies at better prices,' Morgan Stanley says… https://t.co/qJ9uZWNjKn",0.77940106,0.00045581683,0.22014308,0.77940106,TwitterFinancialNewsSentiment
Fine-tuned FinBERT,Internal,neutral,positive,neutral → positive,"Coin Toss: Morgan Stanley Raises Tesla Bull Case To $500, Keeps Bear Case At $10 https://t.co/hjXizuPs7Z",0.98892957,0.00023980539,0.010830624,0.98892957,TwitterFinancialNewsSentiment
Fine-tuned FinBERT,Internal,neutral,positive,neutral → positive,"$BEAT seems extremely cheap, have not looked into why it has lagged so much this year, but screens well",0.9932505,0.00023297318,0.006516613,0.9932505,TwitterFinancialNewsSentiment
Fine-tuned FinBERT,Internal,neutral,negative,neutral → negative,Sensient Technologies (NYSE:SXT) Has A Somewhat Strained Balance Sheet,0.99826694,0.99826694,0.0015147282,0.00021824791,TwitterFinancialNewsSentiment
Fine-tuned FinBERT,Internal,positive,neutral,positive → neutral,Long $WMT,0.9980307,0.0011755084,0.9980307,0.0007938094,TwitterFinancialNewsSentiment
Fine-tuned FinBERT,Internal,positive,neutral,positive → neutral,Analyst: AT&T Is The Top Telecom Pick For 2020,0.9931271,0.00020347814,0.9931271,0.0066693453,TwitterFinancialNewsSentiment
Fine-tuned FinBERT,Internal,positive,neutral,positive → neutral,A sterling surge after the UK election could be short-lived as Brexit gets even more complicated https://t.co/Ws30IATCNs,0.9310865,0.02001407,0.9310865,0.048899457,TwitterFinancialNewsSentiment
Fine-tuned FinBERT,Internal,negative,neutral,negative → neutral,"Madhya Pradesh Vyapam Scam: Man Gets 10 Years, 30 Others Get 7 Years In Jail",0.99230766,0.0074864784,0.99230766,0.0002058379,TwitterFinancialNewsSentiment
Fine-tuned FinBERT,Internal,neutral,positive,neutral → positive,"YTD Performance:
Dow Jones: Red
30Y: +9%

https://t.co/scCDfO2eUv https://t.co/sO1bMzirbY",0.99799263,0.0003122097,0.0016952018,0.99799263,TwitterFinancialNewsSentiment
Fine-tuned FinBERT,Internal,positive,neutral,positive → neutral,We got 3 pieces of good news about the U.S. economy on Wednesday: Morning Brief,0.9927918,0.0004098673,0.9927918,0.0067984276,TwitterFinancialNewsSentiment
Fine-tuned FinBERT,Internal,positive,neutral,positive → neutral,"CITRON SAYS IT'S LONG ON LUCKIN COFFEE

MW vs CItron",0.96700144,0.00213966,0.96700144,0.030858979,TwitterFinancialNewsSentiment
Fine-tuned FinBERT,Internal,neutral,positive,neutral → positive,Miller Value Partners Likes These Two Stocks; Bearish on One,0.9923929,0.00028627084,0.0073208315,0.9923929,TwitterFinancialNewsSentiment
Fine-tuned FinBERT,Internal,positive,negative,positive → negative,$AIKI my position remains intact. Buying dips.,0.99149674,0.99149674,0.008245919,0.00025727597,TwitterFinancialNewsSentiment
Fine-tuned FinBERT,Internal,negative,neutral,negative → neutral,SHAREHOLDER INVESTIGATION: Halper Sadeh LLP Investigates Whether The Sale Of These Companies Is Fair To Shareholder… https://t.co/SPKfERlLfU,0.90111196,0.09847783,0.90111196,0.000410255,TwitterFinancialNewsSentiment
Fine-tuned FinBERT,Internal,neutral,negative,neutral → negative,A federal grand jury has charged four members of the Chinese People's Liberation Army with hacking Equifax and stea… https://t.co/WlH2V7Nk2e,0.8579612,0.8579612,0.13089909,0.011139736,TwitterFinancialNewsSentiment
Fine-tuned FinBERT,Internal,negative,neutral,negative → neutral,Amazon’s Cloud Battle With Microsoft Weighs on AMZN Stock,0.9875975,0.012243129,0.9875975,0.00015926348,TwitterFinancialNewsSentiment
Fine-tuned FinBERT,Internal,neutral,negative,neutral → negative,"China attacks US at G20 as the world’s biggest source of instability- CNBC

https://t.co/pelfsYwKo7",0.6954187,0.6954187,0.30395874,0.0006225066,TwitterFinancialNewsSentiment
Fine-tuned FinBERT,Internal,neutral,positive,neutral → positive,$CPRI 👀..name got incredibly cheap few months ago,0.992568,0.00032786696,0.0071041924,0.992568,TwitterFinancialNewsSentiment
Fine-tuned FinBERT,Internal,positive,neutral,positive → neutral,WATCH: Why is 2019 on pace to be the largest year ever for healthcare technology? @GoldmanSachs Investment Banking… https://t.co/TJKrWqal07,0.9982364,0.0014979737,0.9982364,0.00026562705,TwitterFinancialNewsSentiment
Fine-tuned FinBERT,Internal,neutral,positive,neutral → positive,Trade momentum rose in September for the first time in four months https://t.co/mdVAsk2sAd,0.998833,0.00033007018,0.0008369675,0.998833,TwitterFinancialNewsSentiment
Fine-tuned FinBERT,Internal,positive,neutral,positive → neutral,Saint-Gobain North America Announces Largest Renewable Energy Deal in Company’s 354-Year History,0.9994124,0.00028778586,0.9994124,0.0002997012,TwitterFinancialNewsSentiment
Fine-tuned FinBERT,Internal,neutral,negative,neutral → negative,"USD/JPY Forex Technical Analysis – Likely to Strengthen Over 108.866, Weaken Under 108.690",0.9276631,0.9276631,0.07012285,0.0022140914,TwitterFinancialNewsSentiment
Fine-tuned FinBERT,Internal,positive,neutral,positive → neutral,Retailers Call China Trade Agreement ‘Right Direction’ But Say a Final Deal is Needed,0.9989261,0.00042202586,0.9989261,0.00065186754,TwitterFinancialNewsSentiment
Fine-tuned FinBERT,Internal,neutral,positive,neutral → positive,"US indices are having the best year since 2013, but large cap active funds are poised to see the worst year since 2016: BofA",0.98642516,0.0028797025,0.010695113,0.98642516,TwitterFinancialNewsSentiment
Fine-tuned FinBERT,Internal,neutral,negative,neutral → negative,Apple has 'deep concerns' Chinese-born ex-employees could flee country with trade secrets https://t.co/lybSDAYibb v… https://t.co/quM3HRynDB,0.9930098,0.9930098,0.006788365,0.00020183228,TwitterFinancialNewsSentiment
Fine-tuned FinBERT,Internal,negative,positive,negative → positive,"U.S. job openings remained elevated in February, prior to the unprecedented surge in layoffs https://t.co/0XdZbEhmKj https://t.co/qX0INGsJYQ",0.9986909,0.0005640976,0.0007449952,0.9986909,TwitterFinancialNewsSentiment
Fine-tuned FinBERT,Internal,neutral,positive,neutral → positive,The Trade Deal Will Intensify The U.S.-China Rivalry,0.7269236,0.0012819648,0.27179447,0.7269236,TwitterFinancialNewsSentiment
Fine-tuned FinBERT,Internal,neutral,positive,neutral → positive,Hedge Funds Had Impeccable Timing Buying Myovant Sciences Ltd. (MYOV),0.9980262,0.0011250373,0.00084869075,0.9980262,TwitterFinancialNewsSentiment
Fine-tuned FinBERT,Internal,positive,neutral,positive → neutral,Why NIO Hasn’t Fallen Totally Off the Cliff,0.99083614,0.00071753445,0.99083614,0.008446248,TwitterFinancialNewsSentiment
Fine-tuned FinBERT,Internal,positive,neutral,positive → neutral,Conoco Plans Share Buyback That's Almost 50% of Market Value,0.9812418,0.000319395,0.9812418,0.01843883,TwitterFinancialNewsSentiment
Fine-tuned FinBERT,Internal,neutral,negative,neutral → negative,Maire Tecnimont (BIT:MT) Use Of Debt Could Be Considered Risky,0.9843493,0.9843493,0.015453876,0.00019681099,TwitterFinancialNewsSentiment
Fine-tuned FinBERT,Internal,positive,neutral,positive → neutral,$IONS $AKCA $AKCA - Akcea and Ionis launches late-stage AKCEA-TTR-LRx study https://t.co/ybDZfFkp0Z,0.99944323,0.00033579825,0.99944323,0.00022101981,TwitterFinancialNewsSentiment
Fine-tuned FinBERT,Internal,neutral,negative,neutral → negative,"Coronavirus continues to spread, retailers are feeling the impact",0.97561,0.97561,0.023854332,0.0005356984,TwitterFinancialNewsSentiment
Fine-tuned FinBERT,Internal,positive,negative,positive → negative,Job Openings in U.S. Unexpectedly Rose in October to 7.3 Million,0.7791158,0.7791158,0.003460038,0.21742412,TwitterFinancialNewsSentiment
Fine-tuned FinBERT,Internal,negative,neutral,negative → neutral,The Danger Of Deeper OPEC+ Cuts https://t.co/5LPnGN9n4j,0.9845291,0.014984504,0.9845291,0.00048646907,TwitterFinancialNewsSentiment
Fine-tuned FinBERT,Internal,negative,neutral,negative → neutral,GFT Technologies : suspends forecast for the current financial year and reviews dividend p... #GFTTechnologies… https://t.co/xRG1yaFxxE,0.92355543,0.07614858,0.92355543,0.0002958905,TwitterFinancialNewsSentiment
Fine-tuned FinBERT,Internal,positive,neutral,positive → neutral,Why Disney+ is the only service that can rival Netflix,0.9602863,0.00023851871,0.9602863,0.039475087,TwitterFinancialNewsSentiment
Fine-tuned FinBERT,Internal,neutral,positive,neutral → positive,"$CLLS took profits here .. 

Maybe they'll get bought out soon .. that's what happens lol https://t.co/CnPQQKSZpk",0.99530846,0.00038966277,0.004301863,0.99530846,TwitterFinancialNewsSentiment
Fine-tuned FinBERT,Internal,positive,neutral,positive → neutral,Ford invests more in Michigan,0.9981007,0.00020914811,0.9981007,0.0016901752,TwitterFinancialNewsSentiment
Fine-tuned FinBERT,Internal,neutral,negative,neutral → negative,"Bristol-Myers Squibb reports 33% jump in Q4 revenue, Opdivo sales fall 2%",0.98932743,0.98932743,0.010395284,0.00027727854,TwitterFinancialNewsSentiment
Fine-tuned FinBERT,Internal,neutral,positive,neutral → positive,$UCBJF $UCBJF $ABBV - UCB's bimekizumab tops Humira in late-stage psoriasis study https://t.co/LHT1Kd1aTu,0.99833554,0.00023226476,0.001432264,0.99833554,TwitterFinancialNewsSentiment
Fine-tuned FinBERT,Internal,neutral,positive,neutral → positive,"Retail Loans To Double To Rs 96 Lakh-Crore In Five Years, Says Crisil",0.99750096,0.0008300819,0.0016689893,0.99750096,TwitterFinancialNewsSentiment
Fine-tuned FinBERT,Internal,negative,neutral,negative → neutral,Was Five Star Senior Living Inc.'s (NASDAQ:FVE) Earnings Decline Part Of A Broader Industry Downturn?,0.6875262,0.3117979,0.6875262,0.00067582703,TwitterFinancialNewsSentiment
Fine-tuned FinBERT,Internal,neutral,positive,neutral → positive,$ECONX: January Chicago PMI 42.9 vs 48.7 https://t.co/M9gpUZQoF7 consensus; December 48.9 https://t.co/XIXZuRksHp,0.83454835,0.07670079,0.08875083,0.83454835,TwitterFinancialNewsSentiment
Fine-tuned FinBERT,Internal,positive,negative,positive → negative,$GLD $SLV - Gold & Silver Update: December May Be A Bottom. Read more: https://t.co/c0d06nlqQJ #trading #finance #stocks,0.9983923,0.9983923,0.0010537157,0.0005540515,TwitterFinancialNewsSentiment
Fine-tuned FinBERT,Internal,negative,positive,negative → positive,EUR/USD Price Forecast – Euro Looks Likely To Break Down,0.9941413,0.0020562352,0.0038024648,0.9941413,TwitterFinancialNewsSentiment
Fine-tuned FinBERT,Internal,neutral,positive,neutral → positive,"At least six firms, including BlackRock and Vanguard, are flocking to the Chinese market https://t.co/49XUMTB3Ud",0.69341856,0.00089384755,0.3056876,0.69341856,TwitterFinancialNewsSentiment
Fine-tuned FinBERT,Internal,neutral,negative,neutral → negative,Canadian National Railway on watch amid strike,0.97873014,0.97873014,0.02100836,0.00026151142,TwitterFinancialNewsSentiment
Fine-tuned FinBERT,Internal,neutral,positive,neutral → positive,Bull camp empty on Sally Beauty,0.7020936,0.026587537,0.27131882,0.7020936,TwitterFinancialNewsSentiment
Fine-tuned FinBERT,Internal,neutral,positive,neutral → positive,$TSLA - Tesla: The Top Is Here. https://t.co/qg2xI2oPXT #stockmarket #finance #economy,0.94581807,0.00042966128,0.05375227,0.94581807,TwitterFinancialNewsSentiment
Fine-tuned FinBERT,Internal,positive,neutral,positive → neutral,"$SUMRX: Asian Markets Close: Nikkei +2.0%, Hang Seng +2.1%, Shanghai +2.1% https://t.co/36MDQpNDxz",0.8772606,0.00050473755,0.8772606,0.122234665,TwitterFinancialNewsSentiment
Fine-tuned FinBERT,Internal,neutral,positive,neutral → positive,$WING - Baird returns to Wingstop bull camp https://t.co/KfPaweOVgo,0.9986934,0.0006071264,0.0006995136,0.9986934,TwitterFinancialNewsSentiment
Fine-tuned FinBERT,Internal,neutral,negative,neutral → negative,"As Boeing Halts Max Line, Airbus Can’t Make Jets Fast Enough",0.998176,0.998176,0.0016412869,0.00018280468,TwitterFinancialNewsSentiment
Fine-tuned FinBERT,Internal,neutral,negative,neutral → negative,Nomura Instinet loses confidence in Extended Stay America,0.9977335,0.9977335,0.0019562386,0.00031029386,TwitterFinancialNewsSentiment
Fine-tuned FinBERT,Internal,negative,neutral,negative → neutral,Schweizerische Nationalbank : Switzerland Loses Grip on World's Lowest Borrowing Costs -- ...… https://t.co/fuN3T0obd5,0.99042624,0.009375057,0.99042624,0.00019875157,TwitterFinancialNewsSentiment
Fine-tuned FinBERT,Internal,neutral,positive,neutral → positive,Comtech Telecommunications Corp. Receives $1.3 Million Contract for Military Ku-band TWTA Systems,0.9764697,0.0009808782,0.022549434,0.9764697,TwitterFinancialNewsSentiment
Fine-tuned FinBERT,Internal,positive,neutral,positive → neutral,Amani Gold : Secures Gold Dealers License in Tanzania #AmaniGold #Stock #MarketScreener https://t.co/fUr63A7aVB https://t.co/AHlEWGRAtq,0.9992787,0.00020210061,0.9992787,0.0005191514,TwitterFinancialNewsSentiment
Fine-tuned FinBERT,Internal,neutral,negative,neutral → negative,"Tyson Foods Q1 beef sales fell 8% to $3.84 bln, chicken sales rose 4.5% to $3.29 bln",0.99524236,0.99524236,0.004588806,0.00016886185,TwitterFinancialNewsSentiment
Fine-tuned FinBERT,Internal,neutral,positive,neutral → positive,Salesforce on watch as DreamForce event ramps up,0.9987669,0.00032964538,0.00090345327,0.9987669,TwitterFinancialNewsSentiment
Fine-tuned FinBERT,Internal,neutral,positive,neutral → positive,"Record-Breaking ""Frozen 2"" Debut Propels Disney Past an Important Milestone",0.50576496,0.0011572558,0.49307778,0.50576496,TwitterFinancialNewsSentiment
Fine-tuned FinBERT,Internal,positive,neutral,positive → neutral,GM not liable for punitive damages in ignition switch cases: U.S. appeals court,0.95635647,0.032026507,0.95635647,0.011617049,TwitterFinancialNewsSentiment
Fine-tuned FinBERT,Internal,neutral,negative,neutral → negative,Economic data controversies in Sweden and Denmark renew debate on statistics https://t.co/RrISenUoBk,0.9849718,0.9849718,0.014799015,0.00022924134,TwitterFinancialNewsSentiment
Fine-tuned FinBERT,Internal,neutral,positive,neutral → positive,Emirates orders 30 Boeing 787 Dreamliners,0.5272611,0.0006875889,0.4720513,0.5272611,TwitterFinancialNewsSentiment
Fine-tuned FinBERT,Internal,positive,neutral,positive → neutral,Deutsche Bank Plans Bigger Bonuses at Asset Management Division,0.9956766,0.0004523308,0.9956766,0.003871046,TwitterFinancialNewsSentiment
Fine-tuned FinBERT,Internal,negative,neutral,negative → neutral,Oracle’s Need for ‘Steep’ Sales Climb Leaves Street Cautious,0.9610624,0.03822874,0.9610624,0.0007088784,TwitterFinancialNewsSentiment
Fine-tuned FinBERT,Internal,positive,negative,positive → negative,Oil held near $50 a barrel in New York on signs that OPEC and its allies probably won't go ahead with a much-touted… https://t.co/LXi5faZhIf,0.5381936,0.5381936,0.2686767,0.19312969,TwitterFinancialNewsSentiment
Fine-tuned FinBERT,Internal,neutral,positive,neutral → positive,TUI and Royal Caribbean Expand Cruise Partnership With $1.3 Billion Deal,0.70200306,0.0006087483,0.29738817,0.70200306,TwitterFinancialNewsSentiment
Fine-tuned FinBERT,Internal,neutral,positive,neutral → positive,"Consumer Credit Soared In February, Just Before The Economy Shut Down  https://t.co/o1Em3Aq0fG",0.9988248,0.00046789247,0.00070733076,0.9988248,TwitterFinancialNewsSentiment
Fine-tuned FinBERT,Internal,neutral,negative,neutral → negative,WeWork Bonds Stumble to New Lows After Review,0.9986921,0.9986921,0.00090432377,0.0004036006,TwitterFinancialNewsSentiment
Fine-tuned FinBERT,Internal,neutral,positive,neutral → positive,"Elon Musk says Tesla has 146,000 orders for its Cybertruck, less than 48 hours after the broken-glass reveal https://t.co/yzgK4mbBTB",0.99865097,0.00059415546,0.0007549043,0.99865097,TwitterFinancialNewsSentiment
Fine-tuned FinBERT,Internal,positive,neutral,positive → neutral,Skechers Announces Record Fourth Quarter Sales of $1.33 Billion and Record Annual Sales of $5.22 Billion in 2019,0.98913074,0.00038819358,0.98913074,0.010481108,TwitterFinancialNewsSentiment
Fine-tuned FinBERT,Internal,neutral,positive,neutral → positive,U.S. GDP Rose By $850 Billion In 2019 As U.S. National Debt Surged By $1.2 Trillion. Debt-To-GDP Ratio Hit 108%.... https://t.co/cmHgL0DSCf,0.98614466,0.0052593327,0.008596034,0.98614466,TwitterFinancialNewsSentiment
Fine-tuned FinBERT,Internal,neutral,negative,neutral → negative,"Auto Expo 2020: Now, Volkswagen Says India’s Electric Vehicle Market Isn’t Viable Yet",0.9907829,0.9907829,0.009008444,0.00020866613,TwitterFinancialNewsSentiment
Fine-tuned FinBERT,Internal,positive,neutral,positive → neutral,$ICPT: Intercept Pharma reports publication of positive results from Phase 3 REGENERATE https://t.co/Md0lhRJikS,0.71907663,0.00062524073,0.71907663,0.2802981,TwitterFinancialNewsSentiment
Fine-tuned FinBERT,Internal,positive,neutral,positive → neutral,Investors are betting China's central bank will follow others in unleashing large-scale monetary stimulus https://t.co/kNfwSTB88U,0.9832307,0.0010131651,0.9832307,0.015756156,TwitterFinancialNewsSentiment
Fine-tuned FinBERT,Internal,positive,neutral,positive → neutral,A Chinese move on intellectual property is a promising sign for trade talks. The Open panel discusses… https://t.co/K7sRyhXOtB,0.99266255,0.00023551023,0.99266255,0.0071019894,TwitterFinancialNewsSentiment
Fine-tuned FinBERT,Internal,neutral,negative,neutral → negative,"Highlight: @tom_belger on London banning Uber: ""Uber's vowing already to appeal this decision to cut it out of one… https://t.co/JpJQqGwBhX",0.6457008,0.6457008,0.35103443,0.0032647431,TwitterFinancialNewsSentiment
Fine-tuned FinBERT,Internal,neutral,positive,neutral → positive,Brookside Energy : Next Sycamore Well Delivers Another Stunning Result #BrooksideEnergy #Stock #MarketScreener… https://t.co/5vgnXN1Yao,0.9910523,0.00025066198,0.008697033,0.9910523,TwitterFinancialNewsSentiment
Fine-tuned FinBERT,Internal,neutral,negative,neutral → negative,Social Media Firms Face New U.K. Regulator in Planned Crackdown,0.8226855,0.8226855,0.17685135,0.000463203,TwitterFinancialNewsSentiment
Fine-tuned FinBERT,Internal,neutral,positive,neutral → positive,$CLMT - Digging Into Calumet's Ever Improving Operations And Balance Sheet. Sign up for updates on Seeking Alpha!… https://t.co/JXaNoasn0K,0.9675165,0.00018027418,0.032303207,0.9675165,TwitterFinancialNewsSentiment
Fine-tuned FinBERT,Internal,positive,neutral,positive → neutral,"EVI Industries Sets Records for Revenue, Gross Profit and Operating Cash Flow for Second Quarter of Fiscal 2020",0.99949574,0.0002782216,0.99949574,0.00022602415,TwitterFinancialNewsSentiment
Fine-tuned FinBERT,Internal,neutral,positive,neutral → positive,Bombardier Global 7500 Aircraft Receives Prestigious 2019 Ontario Professional Engineers Award - GlobeNewswire,0.8056051,0.0006173151,0.19377762,0.8056051,TwitterFinancialNewsSentiment
Fine-tuned FinBERT,Internal,negative,neutral,negative → neutral,Goldman Sachs Says Wealthiest to Back off Stocks,0.9935295,0.0023827704,0.9935295,0.004087752,TwitterFinancialNewsSentiment
Fine-tuned FinBERT,Internal,positive,neutral,positive → neutral,This chart shows how Vanguard’s explosive growth has ‘taken on a life of its own’: https://t.co/8IOnrejNLy,0.9982791,0.00032486164,0.9982791,0.0013960364,TwitterFinancialNewsSentiment
Fine-tuned FinBERT,Internal,neutral,positive,neutral → positive,Unemployment Rate Seen Holding at 3.5% -- Data Week Ahead #matprem #MarketScreener https://t.co/uDTdqueEgE https://t.co/woEYOEdDoq,0.6067723,0.22753754,0.16569012,0.6067723,TwitterFinancialNewsSentiment
Fine-tuned FinBERT,Internal,negative,neutral,negative → neutral,Wells Fargo Downgrades Netflix $NFLX to Underperform but sees as a takeover target. NFLX could get acquired: NFLX i… https://t.co/vuNpYwRDSg,0.9966022,0.0032267987,0.9966022,0.0001709144,TwitterFinancialNewsSentiment
Fine-tuned FinBERT,Internal,neutral,positive,neutral → positive,$UL - Unilever: Safe Investment With Significant Potential. Get more info on Seeking Alpha: https://t.co/y5GCe56Y3J… https://t.co/Gj57vsR5KW,0.9774285,0.0001798488,0.022391684,0.9774285,TwitterFinancialNewsSentiment
